{
    "repairs": [{
        "nbPerformedRepairs": 3,
        "ruleName": "CastArithmeticOperand",
        "crashedRepairsLocations": [],
        "nbCrashedRepairs": 0,
        "ruleKey": "S2184",
        "performedRepairsLocations": [
            {
                "endLine": 30,
                "endColumn": 36,
                "startColumn": 35,
                "startLine": 30,
                "filePath": "core/src/main/java/com/taobao/arthas/core/distribution/impl/ResultConsumerImpl.java",
                "violationSpecifier": "S2184:core/src/main/java/com/taobao/arthas/core/distribution/impl/ResultConsumerImpl.java:30:35:30:36"
            },
            {
                "endLine": 17,
                "endColumn": 59,
                "startColumn": 58,
                "startLine": 17,
                "filePath": "core/src/main/java/com/taobao/arthas/core/shell/ShellServerOptions.java",
                "violationSpecifier": "S2184:core/src/main/java/com/taobao/arthas/core/shell/ShellServerOptions.java:17:58:17:59"
            },
            {
                "endLine": 22,
                "endColumn": 64,
                "startColumn": 63,
                "startLine": 22,
                "filePath": "core/src/main/java/com/taobao/arthas/core/shell/ShellServerOptions.java",
                "violationSpecifier": "S2184:core/src/main/java/com/taobao/arthas/core/shell/ShellServerOptions.java:22:63:22:64"
            }
        ],
        "nbViolationsBefore": 3,
        "nbViolationsAfter": 0
    }],
    "executionInfo": {
        "soraldVersion": "LOCAL",
        "javaVersion": "11.0.11",
        "originalArgs": [
            "repair",
            "--source",
            "arthas",
            "--rule-key",
            "2184",
            "--stats-output-file",
            "output-2021-12-16-17-02-58/arthas_2184_sorald_repair_stats.json",
            "--resolve-classpath-from",
            "arthas"
        ]
    },
    "totalTimeMs": 96666,
    "startTimeMs": 1639675896780,
    "repairTimeMs": 2160,
    "crashes": [],
    "endTimeMs": 1639675993446,
    "parseTimeMs": 22904
}