{
    "repairs": [],
    "executionInfo": {
        "soraldVersion": "LOCAL",
        "javaVersion": "11.0.11",
        "originalArgs": [
            "repair",
            "--source",
            "dd-plist",
            "--rule-key",
            "2111",
            "--stats-output-file",
            "output-2021-12-16-17-02-58/dd-plist_2111_sorald_repair_stats.json",
            "--resolve-classpath-from",
            "dd-plist"
        ]
    },
    "totalTimeMs": 38712,
    "startTimeMs": 1639677499056,
    "repairTimeMs": 0,
    "crashes": [],
    "endTimeMs": 1639677537768,
    "parseTimeMs": 0
}