{
    "repairs": [],
    "executionInfo": {
        "soraldVersion": "LOCAL",
        "javaVersion": "11.0.11",
        "originalArgs": [
            "repair",
            "--source",
            "example-java",
            "--rule-key",
            "2184",
            "--stats-output-file",
            "output-2021-12-16-17-02-58/example-java_2184_sorald_repair_stats.json",
            "--resolve-classpath-from",
            "example-java"
        ]
    },
    "totalTimeMs": 26253,
    "repairTimeMs": 0,
    "startTimeMs": 1639675857516,
    "crashes": [],
    "endTimeMs": 1639675883769,
    "parseTimeMs": 0
}