{
    "repairs": [],
    "executionInfo": {
        "soraldVersion": "LOCAL",
        "javaVersion": "11.0.11",
        "originalArgs": [
            "repair",
            "--source",
            "gson-fire",
            "--rule-key",
            "2116",
            "--stats-output-file",
            "output-2021-12-16-17-02-58/gson-fire_2116_sorald_repair_stats.json",
            "--resolve-classpath-from",
            "gson-fire"
        ]
    },
    "totalTimeMs": 43334,
    "repairTimeMs": 0,
    "startTimeMs": 1639676447369,
    "crashes": [],
    "endTimeMs": 1639676490703,
    "parseTimeMs": 0
}