{
    "repairs": [],
    "executionInfo": {
        "soraldVersion": "LOCAL",
        "javaVersion": "11.0.11",
        "originalArgs": [
            "repair",
            "--original-files-path",
            "dataenum",
            "--rule-keys",
            "1860",
            "--file-output-strategy",
            "IN_PLACE",
            "--stats-output-file",
            "output-2021-12-12-18-34-02/dataenum_1860_sorald_repair_stats.json"
        ]
    },
    "totalTimeMs": 32102,
    "repairTimeMs": 1037,
    "startTimeMs": 1639335773303,
    "crashes": [],
    "endTimeMs": 1639335805405,
    "parseTimeMs": 12041
}