{
    "repairs": [],
    "executionInfo": {
        "soraldVersion": "LOCAL",
        "javaVersion": "11.0.11",
        "originalArgs": [
            "repair",
            "--original-files-path",
            "gocd-build-github-pull-requests",
            "--rule-keys",
            "1860",
            "--file-output-strategy",
            "IN_PLACE",
            "--stats-output-file",
            "output-2021-12-12-18-34-02/gocd-build-github-pull-requests_1860_sorald_repair_stats.json"
        ]
    },
    "totalTimeMs": 28222,
    "repairTimeMs": 1258,
    "startTimeMs": 1639334611359,
    "crashes": [],
    "endTimeMs": 1639334639581,
    "parseTimeMs": 8592
}