{
    "repairs": [],
    "executionInfo": {
        "soraldVersion": "LOCAL",
        "javaVersion": "11.0.11",
        "originalArgs": [
            "repair",
            "--original-files-path",
            "Nukkit",
            "--rule-keys",
            "4973",
            "--file-output-strategy",
            "IN_PLACE",
            "--stats-output-file",
            "output-2021-12-12-18-34-02/Nukkit_4973_sorald_repair_stats.json"
        ]
    },
    "totalTimeMs": 40025,
    "repairTimeMs": 1818,
    "startTimeMs": 1639337814032,
    "crashes": [],
    "endTimeMs": 1639337854057,
    "parseTimeMs": 17272
}