{
    "repairs": [],
    "executionInfo": {
        "soraldVersion": "LOCAL",
        "javaVersion": "11.0.11",
        "originalArgs": [
            "repair",
            "--original-files-path",
            "retrofit-spring-boot-starter",
            "--rule-keys",
            "1217",
            "--file-output-strategy",
            "IN_PLACE",
            "--stats-output-file",
            "output-2021-12-12-18-34-02/retrofit-spring-boot-starter_1217_sorald_repair_stats.json"
        ]
    },
    "totalTimeMs": 30663,
    "repairTimeMs": 1263,
    "startTimeMs": 1639337106538,
    "crashes": [],
    "endTimeMs": 1639337137201,
    "parseTimeMs": 10560
}