{
    "repairs": [],
    "executionInfo": {
        "soraldVersion": "LOCAL",
        "javaVersion": "11.0.11",
        "originalArgs": [
            "repair",
            "--original-files-path",
            "semantic-metrics",
            "--rule-keys",
            "1860",
            "--file-output-strategy",
            "IN_PLACE",
            "--stats-output-file",
            "output-2021-12-12-18-34-02/semantic-metrics_1860_sorald_repair_stats.json"
        ]
    },
    "totalTimeMs": 37866,
    "startTimeMs": 1639335414543,
    "repairTimeMs": 1052,
    "crashes": [],
    "endTimeMs": 1639335452409,
    "parseTimeMs": 16484
}