{
    "repairs": [{
        "nbPerformedRepairs": 1,
        "ruleName": "CompareStringsBoxedTypesWithEquals",
        "crashedRepairsLocations": [],
        "nbCrashedRepairs": 0,
        "ruleKey": "4973",
        "nbViolationsBefore": 1,
        "performedRepairsLocations": [{
            "endLine": 128,
            "endColumn": 35,
            "startColumn": 33,
            "startLine": 128,
            "filePath": "singer-commons/src/main/java/com/pinterest/singer/loggingaudit/client/utils/ConfigUtils.java",
            "violationSpecifier": "4973:singer-commons/src/main/java/com/pinterest/singer/loggingaudit/client/utils/ConfigUtils.java:128:33:128:35"
        }],
        "nbViolationsAfter": 0
    }],
    "executionInfo": {
        "soraldVersion": "LOCAL",
        "javaVersion": "11.0.11",
        "originalArgs": [
            "repair",
            "--original-files-path",
            "singer",
            "--rule-keys",
            "4973",
            "--file-output-strategy",
            "IN_PLACE",
            "--stats-output-file",
            "output-2021-12-12-18-34-02/singer_4973_sorald_repair_stats.json"
        ]
    },
    "totalTimeMs": 108211,
    "repairTimeMs": 5564,
    "startTimeMs": 1639336242343,
    "crashes": [],
    "endTimeMs": 1639336350554,
    "parseTimeMs": 45188
}