{
    "repairs": [],
    "executionInfo": {
        "soraldVersion": "LOCAL",
        "javaVersion": "11.0.11",
        "originalArgs": [
            "repair",
            "--original-files-path",
            "TinyRadius",
            "--rule-keys",
            "2095",
            "--file-output-strategy",
            "IN_PLACE",
            "--stats-output-file",
            "output-2021-12-12-18-34-02/TinyRadius_2095_sorald_repair_stats.json"
        ]
    },
    "totalTimeMs": 36562,
    "repairTimeMs": 1258,
    "startTimeMs": 1639334133835,
    "crashes": [],
    "endTimeMs": 1639334170397,
    "parseTimeMs": 9244
}