{
    "repairs": [],
    "executionInfo": {
        "soraldVersion": "LOCAL",
        "javaVersion": "11.0.11",
        "originalArgs": [
            "repair",
            "--original-files-path",
            "TinyRadius",
            "--rule-keys",
            "2142",
            "--file-output-strategy",
            "IN_PLACE",
            "--stats-output-file",
            "output-2021-12-12-18-34-02/TinyRadius_2142_sorald_repair_stats.json"
        ]
    },
    "totalTimeMs": 26761,
    "repairTimeMs": 803,
    "startTimeMs": 1639334250256,
    "crashes": [],
    "endTimeMs": 1639334277017,
    "parseTimeMs": 9167
}