{
    "repairs": [],
    "executionInfo": {
        "soraldVersion": "LOCAL",
        "javaVersion": "11.0.11",
        "originalArgs": [
            "repair",
            "--original-files-path",
            "vertx-kafka-client",
            "--rule-keys",
            "2142",
            "--file-output-strategy",
            "IN_PLACE",
            "--stats-output-file",
            "output-2021-12-12-18-34-02/vertx-kafka-client_2142_sorald_repair_stats.json"
        ]
    },
    "totalTimeMs": 48837,
    "repairTimeMs": 1846,
    "startTimeMs": 1639336732030,
    "crashes": [],
    "endTimeMs": 1639336780867,
    "parseTimeMs": 23937
}