{
    "repairs": [],
    "executionInfo": {
        "soraldVersion": "LOCAL",
        "javaVersion": "11.0.11",
        "originalArgs": [
            "repair",
            "--original-files-path",
            "vue-gwt",
            "--rule-keys",
            "1860",
            "--file-output-strategy",
            "IN_PLACE",
            "--stats-output-file",
            "output-2021-12-12-18-34-02/vue-gwt_1860_sorald_repair_stats.json"
        ]
    },
    "totalTimeMs": 48828,
    "repairTimeMs": 1193,
    "startTimeMs": 1639334746451,
    "crashes": [],
    "endTimeMs": 1639334795279,
    "parseTimeMs": 16731
}