{
    "repairs": [],
    "executionInfo": {
        "soraldVersion": "LOCAL",
        "javaVersion": "11.0.11",
        "originalArgs": [
            "repair",
            "--original-files-path",
            "zendesk-java-client",
            "--rule-keys",
            "2272",
            "--file-output-strategy",
            "IN_PLACE",
            "--stats-output-file",
            "output-2021-12-12-18-34-02/zendesk-java-client_2272_sorald_repair_stats.json"
        ]
    },
    "totalTimeMs": 57824,
    "repairTimeMs": 7874,
    "startTimeMs": 1639334751944,
    "crashes": [],
    "endTimeMs": 1639334809768,
    "parseTimeMs": 24278
}