{
    "repairs": [],
    "executionInfo": {
        "soraldVersion": "LOCAL",
        "javaVersion": "11.0.11",
        "originalArgs": [
            "repair",
            "--original-files-path",
            "zt-process-killer",
            "--rule-keys",
            "1860",
            "--file-output-strategy",
            "IN_PLACE",
            "--stats-output-file",
            "output-2021-12-12-18-34-02/zt-process-killer_1860_sorald_repair_stats.json"
        ]
    },
    "totalTimeMs": 20636,
    "repairTimeMs": 1054,
    "startTimeMs": 1639336725294,
    "crashes": [],
    "endTimeMs": 1639336745930,
    "parseTimeMs": 7212
}