{
    "repairs": [],
    "executionInfo": {
        "soraldVersion": "LOCAL",
        "javaVersion": "11.0.11",
        "originalArgs": [
            "repair",
            "--source",
            "aesh",
            "--rule-key",
            "1860",
            "--stats-output-file",
            "output-2021-12-15-16-03-10/aesh_1860_sorald_repair_stats.json"
        ]
    },
    "totalTimeMs": 32176,
    "repairTimeMs": 0,
    "startTimeMs": 1639585878819,
    "crashes": [],
    "endTimeMs": 1639585910995,
    "parseTimeMs": 0
}