{
    "repairs": [],
    "executionInfo": {
        "soraldVersion": "LOCAL",
        "javaVersion": "11.0.11",
        "originalArgs": [
            "repair",
            "--source",
            "apk-parser",
            "--rule-key",
            "1860",
            "--stats-output-file",
            "output-2021-12-15-16-03-10/apk-parser_1860_sorald_repair_stats.json"
        ]
    },
    "totalTimeMs": 21720,
    "startTimeMs": 1639584286486,
    "repairTimeMs": 0,
    "crashes": [],
    "endTimeMs": 1639584308206,
    "parseTimeMs": 0
}