{
    "repairs": [],
    "executionInfo": {
        "soraldVersion": "LOCAL",
        "javaVersion": "11.0.11",
        "originalArgs": [
            "repair",
            "--source",
            "argparse4j",
            "--rule-key",
            "1217",
            "--stats-output-file",
            "output-2021-12-15-16-03-10/argparse4j_1217_sorald_repair_stats.json"
        ]
    },
    "totalTimeMs": 23551,
    "repairTimeMs": 0,
    "startTimeMs": 1639584235833,
    "crashes": [],
    "endTimeMs": 1639584259384,
    "parseTimeMs": 0
}