{
    "repairs": [],
    "executionInfo": {
        "soraldVersion": "LOCAL",
        "javaVersion": "11.0.11",
        "originalArgs": [
            "repair",
            "--source",
            "build-helper-maven-plugin",
            "--rule-key",
            "2184",
            "--stats-output-file",
            "output-2021-12-15-16-03-10/build-helper-maven-plugin_2184_sorald_repair_stats.json"
        ]
    },
    "totalTimeMs": 13981,
    "repairTimeMs": 0,
    "startTimeMs": 1639585866805,
    "crashes": [],
    "endTimeMs": 1639585880786,
    "parseTimeMs": 0
}