{
    "repairs": [{
        "nbPerformedRepairs": 2,
        "ruleName": "CastArithmeticOperand",
        "crashedRepairsLocations": [],
        "nbCrashedRepairs": 0,
        "ruleKey": "S2184",
        "nbViolationsBefore": 2,
        "performedRepairsLocations": [
            {
                "endLine": 185,
                "endColumn": 64,
                "startColumn": 63,
                "startLine": 185,
                "filePath": "src/test/java/co/nstant/in/cbor/decoder/CborDecoderTest.java",
                "violationSpecifier": "S2184:src/test/java/co/nstant/in/cbor/decoder/CborDecoderTest.java:185:63:185:64"
            },
            {
                "endLine": 36,
                "endColumn": 59,
                "startColumn": 58,
                "startLine": 36,
                "filePath": "src/main/java/co/nstant/in/cbor/decoder/HalfPrecisionFloatDecoder.java",
                "violationSpecifier": "S2184:src/main/java/co/nstant/in/cbor/decoder/HalfPrecisionFloatDecoder.java:36:58:36:59"
            }
        ],
        "nbViolationsAfter": 0
    }],
    "executionInfo": {
        "soraldVersion": "LOCAL",
        "javaVersion": "11.0.11",
        "originalArgs": [
            "repair",
            "--source",
            "cbor-java",
            "--rule-key",
            "2184",
            "--stats-output-file",
            "output-2021-12-15-16-03-10/cbor-java_2184_sorald_repair_stats.json"
        ]
    },
    "totalTimeMs": 36716,
    "repairTimeMs": 2007,
    "startTimeMs": 1639584439114,
    "crashes": [],
    "endTimeMs": 1639584475830,
    "parseTimeMs": 11252
}