{
    "repairs": [],
    "executionInfo": {
        "soraldVersion": "LOCAL",
        "javaVersion": "11.0.11",
        "originalArgs": [
            "repair",
            "--source",
            "ExecDashboard",
            "--rule-key",
            "2111",
            "--stats-output-file",
            "output-2021-12-15-16-03-10/ExecDashboard_2111_sorald_repair_stats.json"
        ]
    },
    "totalTimeMs": 30283,
    "repairTimeMs": 0,
    "startTimeMs": 1639584679709,
    "crashes": [],
    "endTimeMs": 1639584709992,
    "parseTimeMs": 0
}