{
    "repairs": [],
    "executionInfo": {
        "soraldVersion": "LOCAL",
        "javaVersion": "11.0.11",
        "originalArgs": [
            "repair",
            "--source",
            "fast-uuid",
            "--rule-key",
            "1860",
            "--stats-output-file",
            "output-2021-12-15-16-03-10/fast-uuid_1860_sorald_repair_stats.json"
        ]
    },
    "totalTimeMs": 6780,
    "repairTimeMs": 0,
    "startTimeMs": 1639586180919,
    "crashes": [],
    "endTimeMs": 1639586187699,
    "parseTimeMs": 0
}