{
    "totalMiningTime": 81520,
    "executionInfo": {
        "soraldVersion": "LOCAL",
        "javaVersion": "11.0.11",
        "originalArgs": [
            "mine",
            "--source",
            "galimatias",
            "--handled-rules",
            "--rule-types",
            "BUG",
            "--stats-output-file",
            "output-2021-12-15-16-03-10/galimatias_sorald_mine_stats.json"
        ]
    },
    "miningStartTime": "Wed Dec 15 16:07:27 UTC 2021",
    "minedRules": [{
        "warningLocations": [
            {
                "endLine": 535,
                "endColumn": 25,
                "startColumn": 23,
                "startLine": 535,
                "filePath": "src/main/java/io/mola/galimatias/URL.java",
                "violationSpecifier": "S4973:src/main/java/io/mola/galimatias/URL.java:535:23:535:25"
            },
            {
                "endLine": 555,
                "endColumn": 28,
                "startColumn": 26,
                "startLine": 555,
                "filePath": "src/main/java/io/mola/galimatias/URL.java",
                "violationSpecifier": "S4973:src/main/java/io/mola/galimatias/URL.java:555:26:555:28"
            }
        ],
        "ruleName": "CompareStringsBoxedTypesWithEquals",
        "ruleKey": "S4973"
    }],
    "miningEndTime": "Wed Dec 15 16:08:48 UTC 2021"
}