{
    "repairs": [],
    "executionInfo": {
        "soraldVersion": "LOCAL",
        "javaVersion": "11.0.11",
        "originalArgs": [
            "repair",
            "--source",
            "galimatias",
            "--rule-key",
            "2272",
            "--stats-output-file",
            "output-2021-12-15-16-03-10/galimatias_2272_sorald_repair_stats.json"
        ]
    },
    "totalTimeMs": 17102,
    "repairTimeMs": 0,
    "startTimeMs": 1639584847751,
    "crashes": [],
    "endTimeMs": 1639584864853,
    "parseTimeMs": 0
}