{
    "repairs": [],
    "executionInfo": {
        "soraldVersion": "LOCAL",
        "javaVersion": "11.0.11",
        "originalArgs": [
            "repair",
            "--source",
            "GoogleAuth",
            "--rule-key",
            "2225",
            "--stats-output-file",
            "output-2021-12-15-16-03-10/GoogleAuth_2225_sorald_repair_stats.json"
        ]
    },
    "totalTimeMs": 10193,
    "repairTimeMs": 0,
    "startTimeMs": 1639586111894,
    "crashes": [],
    "endTimeMs": 1639586122087,
    "parseTimeMs": 0
}