{
    "repairs": [],
    "executionInfo": {
        "soraldVersion": "LOCAL",
        "javaVersion": "11.0.11",
        "originalArgs": [
            "repair",
            "--source",
            "BPlusTree",
            "--rule-key",
            "2116",
            "--stats-output-file",
            "output-2021-12-13-21-41-34/BPlusTree_2116_sorald_repair_stats.json"
        ]
    },
    "totalTimeMs": 1821,
    "repairTimeMs": 0,
    "startTimeMs": 1639434822669,
    "crashes": [],
    "endTimeMs": 1639434824490,
    "parseTimeMs": 0
}