{
    "repairs": [],
    "executionInfo": {
        "soraldVersion": "LOCAL",
        "javaVersion": "11.0.11",
        "originalArgs": [
            "repair",
            "--source",
            "dataenum",
            "--rule-key",
            "4973",
            "--stats-output-file",
            "output-2021-12-13-21-41-34/dataenum_4973_sorald_repair_stats.json"
        ]
    },
    "totalTimeMs": 17128,
    "repairTimeMs": 0,
    "startTimeMs": 1639433160890,
    "crashes": [],
    "endTimeMs": 1639433178018,
    "parseTimeMs": 0
}