{
    "totalMiningTime": 45761,
    "executionInfo": {
        "soraldVersion": "LOCAL",
        "javaVersion": "11.0.11",
        "originalArgs": [
            "mine",
            "--source",
            "json-schema-validator",
            "--handled-rules",
            "--rule-types",
            "BUG",
            "--stats-output-file",
            "output-2021-12-13-21-41-34/json-schema-validator_sorald_mine_stats.json"
        ]
    },
    "miningStartTime": "Mon Dec 13 22:03:51 UTC 2021",
    "minedRules": [
        {
            "warningLocations": [{
                "endLine": 48,
                "endColumn": 82,
                "startColumn": 61,
                "startLine": 48,
                "filePath": "src/test/java/com/networknt/schema/ThresholdMixinPerfTest.java",
                "violationSpecifier": "S2111:src/test/java/com/networknt/schema/ThresholdMixinPerfTest.java:48:61:48:82"
            }],
            "ruleName": "BigDecimalDoubleConstructor",
            "ruleKey": "S2111"
        },
        {
            "warningLocations": [
                {
                    "endLine": 56,
                    "endColumn": 63,
                    "startColumn": 49,
                    "startLine": 56,
                    "filePath": "src/test/java/com/networknt/schema/JsonWalkTest.java",
                    "violationSpecifier": "S3032:src/test/java/com/networknt/schema/JsonWalkTest.java:56:49:56:63"
                },
                {
                    "endLine": 81,
                    "endColumn": 45,
                    "startColumn": 31,
                    "startLine": 81,
                    "filePath": "src/main/java/com/networknt/schema/uri/ClasspathURLStreamHandler.java",
                    "violationSpecifier": "S3032:src/main/java/com/networknt/schema/uri/ClasspathURLStreamHandler.java:81:31:81:45"
                },
                {
                    "endLine": 72,
                    "endColumn": 40,
                    "startColumn": 26,
                    "startLine": 72,
                    "filePath": "src/test/java/com/networknt/schema/JsonWalkTest.java",
                    "violationSpecifier": "S3032:src/test/java/com/networknt/schema/JsonWalkTest.java:72:26:72:40"
                },
                {
                    "endLine": 85,
                    "endColumn": 54,
                    "startColumn": 40,
                    "startLine": 85,
                    "filePath": "src/main/java/com/networknt/schema/uri/ClasspathURLStreamHandler.java",
                    "violationSpecifier": "S3032:src/main/java/com/networknt/schema/uri/ClasspathURLStreamHandler.java:85:40:85:54"
                }
            ],
            "ruleName": "GetClassLoader",
            "ruleKey": "S3032"
        },
        {
            "warningLocations": [
                {
                    "endLine": 62,
                    "endColumn": 49,
                    "startColumn": 21,
                    "startLine": 62,
                    "filePath": "src/test/java/com/networknt/schema/V7JsonSchemaTest.java",
                    "violationSpecifier": "S2142:src/test/java/com/networknt/schema/V7JsonSchemaTest.java:62:21:62:49"
                },
                {
                    "endLine": 62,
                    "endColumn": 49,
                    "startColumn": 21,
                    "startLine": 62,
                    "filePath": "src/test/java/com/networknt/schema/V6JsonSchemaTest.java",
                    "violationSpecifier": "S2142:src/test/java/com/networknt/schema/V6JsonSchemaTest.java:62:21:62:49"
                },
                {
                    "endLine": 65,
                    "endColumn": 49,
                    "startColumn": 21,
                    "startLine": 65,
                    "filePath": "src/test/java/com/networknt/schema/V4JsonSchemaTest.java",
                    "violationSpecifier": "S2142:src/test/java/com/networknt/schema/V4JsonSchemaTest.java:65:21:65:49"
                },
                {
                    "endLine": 62,
                    "endColumn": 49,
                    "startColumn": 21,
                    "startLine": 62,
                    "filePath": "src/test/java/com/networknt/schema/V201909JsonSchemaTest.java",
                    "violationSpecifier": "S2142:src/test/java/com/networknt/schema/V201909JsonSchemaTest.java:62:21:62:49"
                }
            ],
            "ruleName": "InterruptedException",
            "ruleKey": "S2142"
        }
    ],
    "miningEndTime": "Mon Dec 13 22:04:37 UTC 2021"
}