{
    "repairs": [],
    "executionInfo": {
        "soraldVersion": "LOCAL",
        "javaVersion": "11.0.11",
        "originalArgs": [
            "repair",
            "--source",
            "MyPerf4J",
            "--rule-key",
            "2116",
            "--stats-output-file",
            "output-2021-12-13-21-41-34/MyPerf4J_2116_sorald_repair_stats.json"
        ]
    },
    "totalTimeMs": 23680,
    "startTimeMs": 1639432056112,
    "repairTimeMs": 0,
    "crashes": [],
    "endTimeMs": 1639432079792,
    "parseTimeMs": 0
}