{
    "repairs": [],
    "executionInfo": {
        "soraldVersion": "LOCAL",
        "javaVersion": "11.0.11",
        "originalArgs": [
            "repair",
            "--source",
            "prometheus-hystrix",
            "--rule-key",
            "1860",
            "--stats-output-file",
            "output-2021-12-13-21-41-34/prometheus-hystrix_1860_sorald_repair_stats.json"
        ]
    },
    "totalTimeMs": 10037,
    "repairTimeMs": 0,
    "startTimeMs": 1639434127354,
    "crashes": [],
    "endTimeMs": 1639434137391,
    "parseTimeMs": 0
}