{
    "repairs": [],
    "executionInfo": {
        "soraldVersion": "LOCAL",
        "javaVersion": "11.0.11",
        "originalArgs": [
            "repair",
            "--source",
            "utah-parser",
            "--rule-key",
            "2272",
            "--stats-output-file",
            "output-2021-12-13-21-41-34/utah-parser_2272_sorald_repair_stats.json"
        ]
    },
    "totalTimeMs": 11210,
    "startTimeMs": 1639433274083,
    "repairTimeMs": 0,
    "crashes": [],
    "endTimeMs": 1639433285293,
    "parseTimeMs": 0
}