{
    "repairs": [],
    "executionInfo": {
        "soraldVersion": "LOCAL",
        "javaVersion": "11.0.11",
        "originalArgs": [
            "repair",
            "--source",
            "web3j-maven-plugin",
            "--rule-key",
            "1217",
            "--stats-output-file",
            "output-2021-12-13-21-41-34/web3j-maven-plugin_1217_sorald_repair_stats.json"
        ]
    },
    "totalTimeMs": 9917,
    "startTimeMs": 1639433466179,
    "repairTimeMs": 0,
    "crashes": [],
    "endTimeMs": 1639433476096,
    "parseTimeMs": 0
}