{
    "repairs": [],
    "executionInfo": {
        "soraldVersion": "LOCAL",
        "javaVersion": "11.0.11",
        "originalArgs": [
            "repair",
            "--source",
            "100-words-design-patterns-java",
            "--rule-key",
            "2116",
            "--stats-output-file",
            "output-2021-12-10-15-02-12/100-words-design-patterns-java_2116_sorald_repair_stats.json"
        ]
    },
    "totalTimeMs": 15003,
    "repairTimeMs": 0,
    "startTimeMs": 1639151023468,
    "crashes": [],
    "endTimeMs": 1639151038471,
    "parseTimeMs": 0
}