{
    "repairs": [],
    "executionInfo": {
        "soraldVersion": "LOCAL",
        "javaVersion": "11.0.11",
        "originalArgs": [
            "repair",
            "--source",
            "build-helper-maven-plugin",
            "--rule-key",
            "2116",
            "--stats-output-file",
            "output-2021-12-10-15-02-12/build-helper-maven-plugin_2116_sorald_repair_stats.json"
        ]
    },
    "totalTimeMs": 14206,
    "repairTimeMs": 0,
    "startTimeMs": 1639150170390,
    "crashes": [],
    "endTimeMs": 1639150184596,
    "parseTimeMs": 0
}