{
    "repairs": [],
    "executionInfo": {
        "soraldVersion": "LOCAL",
        "javaVersion": "11.0.11",
        "originalArgs": [
            "repair",
            "--source",
            "carml",
            "--rule-key",
            "2225",
            "--stats-output-file",
            "output-2021-12-10-15-02-12/carml_2225_sorald_repair_stats.json"
        ]
    },
    "totalTimeMs": 20666,
    "repairTimeMs": 0,
    "startTimeMs": 1639151070386,
    "crashes": [],
    "endTimeMs": 1639151091052,
    "parseTimeMs": 0
}