{
    "repairs": [],
    "executionInfo": {
        "soraldVersion": "LOCAL",
        "javaVersion": "11.0.11",
        "originalArgs": [
            "repair",
            "--source",
            "cbor-java",
            "--rule-key",
            "2116",
            "--stats-output-file",
            "output-2021-12-10-15-02-12/cbor-java_2116_sorald_repair_stats.json"
        ]
    },
    "totalTimeMs": 24923,
    "repairTimeMs": 0,
    "startTimeMs": 1639148706608,
    "crashes": [],
    "endTimeMs": 1639148731531,
    "parseTimeMs": 0
}