{
    "repairs": [],
    "executionInfo": {
        "soraldVersion": "LOCAL",
        "javaVersion": "11.0.11",
        "originalArgs": [
            "repair",
            "--source",
            "externalsortinginjava",
            "--rule-key",
            "2116",
            "--stats-output-file",
            "output-2021-12-10-15-02-12/externalsortinginjava_2116_sorald_repair_stats.json"
        ]
    },
    "totalTimeMs": 9359,
    "repairTimeMs": 0,
    "startTimeMs": 1639151129884,
    "crashes": [],
    "endTimeMs": 1639151139243,
    "parseTimeMs": 0
}