{
    "repairs": [],
    "executionInfo": {
        "soraldVersion": "LOCAL",
        "javaVersion": "11.0.11",
        "originalArgs": [
            "repair",
            "--source",
            "fast-uuid",
            "--rule-key",
            "2184",
            "--stats-output-file",
            "output-2021-12-10-15-02-12/fast-uuid_2184_sorald_repair_stats.json"
        ]
    },
    "totalTimeMs": 9226,
    "startTimeMs": 1639150548015,
    "repairTimeMs": 0,
    "crashes": [],
    "endTimeMs": 1639150557241,
    "parseTimeMs": 0
}