{
    "repairs": [],
    "executionInfo": {
        "soraldVersion": "LOCAL",
        "javaVersion": "11.0.11",
        "originalArgs": [
            "repair",
            "--source",
            "geometry-api-java",
            "--rule-key",
            "1217",
            "--stats-output-file",
            "output-2021-12-10-15-02-12/geometry-api-java_1217_sorald_repair_stats.json"
        ]
    },
    "totalTimeMs": 56064,
    "repairTimeMs": 0,
    "startTimeMs": 1639149375591,
    "crashes": [],
    "endTimeMs": 1639149431655,
    "parseTimeMs": 0
}