{
    "repairs": [{
        "nbPerformedRepairs": 11,
        "ruleName": "UnclosedResources",
        "crashedRepairsLocations": [],
        "nbCrashedRepairs": 0,
        "ruleKey": "S2095",
        "nbViolationsBefore": 13,
        "performedRepairsLocations": [
            {
                "endLine": 172,
                "endColumn": 61,
                "startColumn": 30,
                "startLine": 172,
                "filePath": "src/main/java/com/esri/core/geometry/OperatorFactoryLocal.java",
                "violationSpecifier": "S2095:src/main/java/com/esri/core/geometry/OperatorFactoryLocal.java:172:30:172:61"
            },
            {
                "endLine": 173,
                "endColumn": 43,
                "startColumn": 19,
                "startLine": 173,
                "filePath": "src/main/java/com/esri/core/geometry/OperatorFactoryLocal.java",
                "violationSpecifier": "S2095:src/main/java/com/esri/core/geometry/OperatorFactoryLocal.java:173:19:173:43"
            },
            {
                "endLine": 188,
                "endColumn": 58,
                "startColumn": 28,
                "startLine": 188,
                "filePath": "src/main/java/com/esri/core/geometry/OperatorFactoryLocal.java",
                "violationSpecifier": "S2095:src/main/java/com/esri/core/geometry/OperatorFactoryLocal.java:188:28:188:58"
            },
            {
                "endLine": 274,
                "endColumn": 61,
                "startColumn": 30,
                "startLine": 274,
                "filePath": "src/main/java/com/esri/core/geometry/OperatorFactoryLocal.java",
                "violationSpecifier": "S2095:src/main/java/com/esri/core/geometry/OperatorFactoryLocal.java:274:30:274:61"
            },
            {
                "endLine": 275,
                "endColumn": 43,
                "startColumn": 19,
                "startLine": 275,
                "filePath": "src/main/java/com/esri/core/geometry/OperatorFactoryLocal.java",
                "violationSpecifier": "S2095:src/main/java/com/esri/core/geometry/OperatorFactoryLocal.java:275:19:275:43"
            },
            {
                "endLine": 290,
                "endColumn": 58,
                "startColumn": 28,
                "startLine": 290,
                "filePath": "src/main/java/com/esri/core/geometry/OperatorFactoryLocal.java",
                "violationSpecifier": "S2095:src/main/java/com/esri/core/geometry/OperatorFactoryLocal.java:290:28:290:58"
            },
            {
                "endLine": 504,
                "endColumn": 60,
                "startColumn": 30,
                "startLine": 504,
                "filePath": "src/main/java/com/esri/core/geometry/RasterizedGeometry2DImpl.java",
                "violationSpecifier": "S2095:src/main/java/com/esri/core/geometry/RasterizedGeometry2DImpl.java:504:30:504:60"
            },
            {
                "endLine": 236,
                "endColumn": 50,
                "startColumn": 27,
                "startLine": 236,
                "filePath": "src/test/java/com/esri/core/geometry/TestCommonMethods.java",
                "violationSpecifier": "S2095:src/test/java/com/esri/core/geometry/TestCommonMethods.java:236:27:236:50"
            },
            {
                "endLine": 237,
                "endColumn": 55,
                "startColumn": 27,
                "startLine": 237,
                "filePath": "src/test/java/com/esri/core/geometry/TestCommonMethods.java",
                "violationSpecifier": "S2095:src/test/java/com/esri/core/geometry/TestCommonMethods.java:237:27:237:55"
            },
            {
                "endLine": 251,
                "endColumn": 52,
                "startColumn": 30,
                "startLine": 251,
                "filePath": "src/test/java/com/esri/core/geometry/TestCommonMethods.java",
                "violationSpecifier": "S2095:src/test/java/com/esri/core/geometry/TestCommonMethods.java:251:30:251:52"
            },
            {
                "endLine": 252,
                "endColumn": 57,
                "startColumn": 26,
                "startLine": 252,
                "filePath": "src/test/java/com/esri/core/geometry/TestCommonMethods.java",
                "violationSpecifier": "S2095:src/test/java/com/esri/core/geometry/TestCommonMethods.java:252:26:252:57"
            }
        ],
        "nbViolationsAfter": 2
    }],
    "executionInfo": {
        "soraldVersion": "LOCAL",
        "javaVersion": "11.0.11",
        "originalArgs": [
            "repair",
            "--source",
            "geometry-api-java",
            "--rule-key",
            "2095",
            "--stats-output-file",
            "output-2021-12-10-15-02-12/geometry-api-java_2095_sorald_repair_stats.json"
        ]
    },
    "totalTimeMs": 393573,
    "repairTimeMs": 5407,
    "startTimeMs": 1639149547615,
    "crashes": [],
    "endTimeMs": 1639149941188,
    "parseTimeMs": 30590
}