{
    "repairs": [{
        "nbPerformedRepairs": 1,
        "ruleName": "CompareStringsBoxedTypesWithEquals",
        "crashedRepairsLocations": [],
        "nbCrashedRepairs": 0,
        "ruleKey": "S4973",
        "performedRepairsLocations": [{
            "endLine": 61,
            "endColumn": 28,
            "startColumn": 26,
            "startLine": 61,
            "filePath": "src/main/java/amidst/gui/profileselect/LocalProfileComponent.java",
            "violationSpecifier": "S4973:src/main/java/amidst/gui/profileselect/LocalProfileComponent.java:61:26:61:28"
        }],
        "nbViolationsBefore": 1,
        "nbViolationsAfter": 0
    }],
    "executionInfo": {
        "soraldVersion": "LOCAL",
        "javaVersion": "11.0.11",
        "originalArgs": [
            "repair",
            "--source",
            "amidst",
            "--rule-key",
            "4973",
            "--stats-output-file",
            "output-2021-12-13-23-13-15/amidst_4973_sorald_repair_stats.json"
        ]
    },
    "totalTimeMs": 64599,
    "repairTimeMs": 2499,
    "startTimeMs": 1639438113388,
    "crashes": [],
    "endTimeMs": 1639438177987,
    "parseTimeMs": 23332
}