{
    "repairs": [],
    "executionInfo": {
        "soraldVersion": "LOCAL",
        "javaVersion": "11.0.11",
        "originalArgs": [
            "repair",
            "--source",
            "amidst",
            "--rule-key",
            "1217",
            "--stats-output-file",
            "output-2021-12-13-23-13-15/amidst_1217_sorald_repair_stats.json"
        ]
    },
    "totalTimeMs": 39141,
    "startTimeMs": 1639437278347,
    "repairTimeMs": 0,
    "crashes": [],
    "endTimeMs": 1639437317488,
    "parseTimeMs": 0
}