{
    "totalMiningTime": 190459,
    "executionInfo": {
        "soraldVersion": "LOCAL",
        "javaVersion": "11.0.11",
        "originalArgs": [
            "mine",
            "--source",
            "arthas",
            "--handled-rules",
            "--rule-types",
            "BUG",
            "--stats-output-file",
            "output-2021-12-13-23-13-15/arthas_sorald_mine_stats.json"
        ]
    },
    "miningStartTime": "Mon Dec 13 23:18:29 UTC 2021",
    "minedRules": [
        {
            "warningLocations": [
                {
                    "endLine": 535,
                    "endColumn": 99,
                    "startColumn": 37,
                    "startLine": 534,
                    "filePath": "boot/src/main/java/com/taobao/arthas/boot/Bootstrap.java",
                    "violationSpecifier": "S2095:boot/src/main/java/com/taobao/arthas/boot/Bootstrap.java:534:37:535:99"
                },
                {
                    "endLine": 146,
                    "endColumn": 44,
                    "startColumn": 23,
                    "startLine": 146,
                    "filePath": "client/src/main/java/org/apache/commons/net/DefaultSocketFactory.java",
                    "violationSpecifier": "S2095:client/src/main/java/org/apache/commons/net/DefaultSocketFactory.java:146:23:146:44"
                },
                {
                    "endLine": 29,
                    "endColumn": 56,
                    "startColumn": 22,
                    "startLine": 29,
                    "filePath": "core/src/main/java/com/taobao/arthas/core/shell/term/impl/Helper.java",
                    "violationSpecifier": "S2095:core/src/main/java/com/taobao/arthas/core/shell/term/impl/Helper.java:29:22:29:56"
                },
                {
                    "endLine": 103,
                    "endColumn": 55,
                    "startColumn": 14,
                    "startLine": 103,
                    "filePath": ".mvn/wrapper/MavenWrapperDownloader.java",
                    "violationSpecifier": "S2095:.mvn/wrapper/MavenWrapperDownloader.java:103:14:103:55"
                },
                {
                    "endLine": 614,
                    "endColumn": 49,
                    "startColumn": 30,
                    "startLine": 614,
                    "filePath": "boot/src/main/java/com/taobao/arthas/boot/Bootstrap.java",
                    "violationSpecifier": "S2095:boot/src/main/java/com/taobao/arthas/boot/Bootstrap.java:614:30:614:49"
                },
                {
                    "endLine": 129,
                    "endColumn": 53,
                    "startColumn": 23,
                    "startLine": 129,
                    "filePath": "core/src/main/java/com/taobao/arthas/core/util/NetUtils.java",
                    "violationSpecifier": "S2095:core/src/main/java/com/taobao/arthas/core/util/NetUtils.java:129:23:129:53"
                },
                {
                    "endLine": 315,
                    "endColumn": 88,
                    "startColumn": 37,
                    "startLine": 314,
                    "filePath": "boot/src/main/java/com/taobao/arthas/boot/ProcessUtils.java",
                    "violationSpecifier": "S2095:boot/src/main/java/com/taobao/arthas/boot/ProcessUtils.java:314:37:315:88"
                },
                {
                    "endLine": 172,
                    "endColumn": 44,
                    "startColumn": 23,
                    "startLine": 172,
                    "filePath": "client/src/main/java/org/apache/commons/net/DefaultSocketFactory.java",
                    "violationSpecifier": "S2095:client/src/main/java/org/apache/commons/net/DefaultSocketFactory.java:172:23:172:44"
                },
                {
                    "endLine": 104,
                    "endColumn": 64,
                    "startColumn": 31,
                    "startLine": 104,
                    "filePath": ".mvn/wrapper/MavenWrapperDownloader.java",
                    "violationSpecifier": "S2095:.mvn/wrapper/MavenWrapperDownloader.java:104:31:104:64"
                },
                {
                    "endLine": 120,
                    "endColumn": 44,
                    "startColumn": 23,
                    "startLine": 120,
                    "filePath": "client/src/main/java/org/apache/commons/net/DefaultSocketFactory.java",
                    "violationSpecifier": "S2095:client/src/main/java/org/apache/commons/net/DefaultSocketFactory.java:120:23:120:44"
                },
                {
                    "endLine": 203,
                    "endColumn": 87,
                    "startColumn": 28,
                    "startLine": 203,
                    "filePath": "core/src/main/java/com/taobao/arthas/core/util/FileUtils.java",
                    "violationSpecifier": "S2095:core/src/main/java/com/taobao/arthas/core/util/FileUtils.java:203:28:203:87"
                },
                {
                    "endLine": 99,
                    "endColumn": 44,
                    "startColumn": 23,
                    "startLine": 99,
                    "filePath": "client/src/main/java/org/apache/commons/net/DefaultSocketFactory.java",
                    "violationSpecifier": "S2095:client/src/main/java/org/apache/commons/net/DefaultSocketFactory.java:99:23:99:44"
                },
                {
                    "endLine": 106,
                    "endColumn": 38,
                    "startColumn": 21,
                    "startLine": 106,
                    "filePath": "boot/src/main/java/com/taobao/arthas/boot/ProcessUtils.java",
                    "violationSpecifier": "S2095:boot/src/main/java/com/taobao/arthas/boot/ProcessUtils.java:106:21:106:38"
                }
            ],
            "ruleName": "UnclosedResources",
            "ruleKey": "S2095"
        },
        {
            "warningLocations": [
                {
                    "endLine": 151,
                    "endColumn": 113,
                    "startColumn": 99,
                    "startLine": 151,
                    "filePath": "core/src/main/java/com/taobao/arthas/core/command/klass100/RedefineCommand.java",
                    "violationSpecifier": "S3032:core/src/main/java/com/taobao/arthas/core/command/klass100/RedefineCommand.java:151:99:151:113"
                },
                {
                    "endLine": 31,
                    "endColumn": 42,
                    "startColumn": 28,
                    "startLine": 31,
                    "filePath": "core/src/main/java/com/taobao/arthas/core/command/logger/Log4jHelper.java",
                    "violationSpecifier": "S3032:core/src/main/java/com/taobao/arthas/core/command/logger/Log4jHelper.java:31:28:31:42"
                },
                {
                    "endLine": 28,
                    "endColumn": 54,
                    "startColumn": 40,
                    "startLine": 28,
                    "filePath": "core/src/main/java/com/taobao/arthas/core/advisor/SpyImpl.java",
                    "violationSpecifier": "S3032:core/src/main/java/com/taobao/arthas/core/advisor/SpyImpl.java:28:40:28:54"
                },
                {
                    "endLine": 101,
                    "endColumn": 54,
                    "startColumn": 40,
                    "startLine": 101,
                    "filePath": "core/src/main/java/com/taobao/arthas/core/advisor/SpyImpl.java",
                    "violationSpecifier": "S3032:core/src/main/java/com/taobao/arthas/core/advisor/SpyImpl.java:101:40:101:54"
                },
                {
                    "endLine": 478,
                    "endColumn": 76,
                    "startColumn": 62,
                    "startLine": 478,
                    "filePath": "common/src/main/java/com/taobao/arthas/common/ReflectUtils.java",
                    "violationSpecifier": "S3032:common/src/main/java/com/taobao/arthas/common/ReflectUtils.java:478:62:478:76"
                },
                {
                    "endLine": 326,
                    "endColumn": 67,
                    "startColumn": 53,
                    "startLine": 326,
                    "filePath": "core/src/main/java/com/taobao/arthas/core/command/logger/LoggerCommand.java",
                    "violationSpecifier": "S3032:core/src/main/java/com/taobao/arthas/core/command/logger/LoggerCommand.java:326:53:326:67"
                },
                {
                    "endLine": 37,
                    "endColumn": 69,
                    "startColumn": 55,
                    "startLine": 37,
                    "filePath": "core/src/main/java/com/taobao/arthas/core/command/logger/LogbackHelper.java",
                    "violationSpecifier": "S3032:core/src/main/java/com/taobao/arthas/core/command/logger/LogbackHelper.java:37:55:37:69"
                },
                {
                    "endLine": 77,
                    "endColumn": 54,
                    "startColumn": 40,
                    "startLine": 77,
                    "filePath": "core/src/main/java/com/taobao/arthas/core/advisor/SpyImpl.java",
                    "violationSpecifier": "S3032:core/src/main/java/com/taobao/arthas/core/advisor/SpyImpl.java:77:40:77:54"
                },
                {
                    "endLine": 37,
                    "endColumn": 66,
                    "startColumn": 52,
                    "startLine": 37,
                    "filePath": "core/src/test/java/com/taobao/arthas/core/util/LogUtilTest.java",
                    "violationSpecifier": "S3032:core/src/test/java/com/taobao/arthas/core/util/LogUtilTest.java:37:52:37:66"
                },
                {
                    "endLine": 34,
                    "endColumn": 76,
                    "startColumn": 62,
                    "startLine": 34,
                    "filePath": "memorycompiler/src/test/java/com/taobao/arthas/compiler/DynamicCompilerTest.java",
                    "violationSpecifier": "S3032:memorycompiler/src/test/java/com/taobao/arthas/compiler/DynamicCompilerTest.java:34:62:34:76"
                },
                {
                    "endLine": 57,
                    "endColumn": 43,
                    "startColumn": 29,
                    "startLine": 57,
                    "filePath": "core/src/main/java/com/taobao/arthas/core/advisor/AdviceListenerAdapter.java",
                    "violationSpecifier": "S3032:core/src/main/java/com/taobao/arthas/core/advisor/AdviceListenerAdapter.java:57:29:57:43"
                },
                {
                    "endLine": 448,
                    "endColumn": 58,
                    "startColumn": 44,
                    "startLine": 448,
                    "filePath": "core/src/main/java/com/taobao/arthas/core/command/klass100/ClassLoaderCommand.java",
                    "violationSpecifier": "S3032:core/src/main/java/com/taobao/arthas/core/command/klass100/ClassLoaderCommand.java:448:44:448:58"
                },
                {
                    "endLine": 37,
                    "endColumn": 86,
                    "startColumn": 72,
                    "startLine": 37,
                    "filePath": "common/src/main/java/com/taobao/arthas/common/ReflectUtils.java",
                    "violationSpecifier": "S3032:common/src/main/java/com/taobao/arthas/common/ReflectUtils.java:37:72:37:86"
                },
                {
                    "endLine": 868,
                    "endColumn": 49,
                    "startColumn": 35,
                    "startLine": 868,
                    "filePath": "core/src/main/java/com/taobao/arthas/core/util/StringUtils.java",
                    "violationSpecifier": "S3032:core/src/main/java/com/taobao/arthas/core/util/StringUtils.java:868:35:868:49"
                },
                {
                    "endLine": 168,
                    "endColumn": 58,
                    "startColumn": 44,
                    "startLine": 168,
                    "filePath": "core/src/main/java/com/taobao/arthas/core/command/logger/LoggerCommand.java",
                    "violationSpecifier": "S3032:core/src/main/java/com/taobao/arthas/core/command/logger/LoggerCommand.java:168:44:168:58"
                },
                {
                    "endLine": 53,
                    "endColumn": 54,
                    "startColumn": 40,
                    "startLine": 53,
                    "filePath": "core/src/main/java/com/taobao/arthas/core/advisor/SpyImpl.java",
                    "violationSpecifier": "S3032:core/src/main/java/com/taobao/arthas/core/advisor/SpyImpl.java:53:40:53:54"
                },
                {
                    "endLine": 131,
                    "endColumn": 32,
                    "startColumn": 18,
                    "startLine": 131,
                    "filePath": "core/src/main/java/com/taobao/arthas/core/util/SearchUtils.java",
                    "violationSpecifier": "S3032:core/src/main/java/com/taobao/arthas/core/util/SearchUtils.java:131:18:131:32"
                },
                {
                    "endLine": 131,
                    "endColumn": 96,
                    "startColumn": 82,
                    "startLine": 131,
                    "filePath": "core/src/main/java/com/taobao/arthas/core/util/SearchUtils.java",
                    "violationSpecifier": "S3032:core/src/main/java/com/taobao/arthas/core/util/SearchUtils.java:131:82:131:96"
                },
                {
                    "endLine": 39,
                    "endColumn": 42,
                    "startColumn": 28,
                    "startLine": 39,
                    "filePath": "core/src/main/java/com/taobao/arthas/core/command/logger/LogbackHelper.java",
                    "violationSpecifier": "S3032:core/src/main/java/com/taobao/arthas/core/command/logger/LogbackHelper.java:39:28:39:42"
                },
                {
                    "endLine": 39,
                    "endColumn": 86,
                    "startColumn": 72,
                    "startLine": 39,
                    "filePath": "core/src/main/java/com/taobao/arthas/core/command/logger/LogbackHelper.java",
                    "violationSpecifier": "S3032:core/src/main/java/com/taobao/arthas/core/command/logger/LogbackHelper.java:39:72:39:86"
                },
                {
                    "endLine": 103,
                    "endColumn": 60,
                    "startColumn": 46,
                    "startLine": 103,
                    "filePath": "arthas-agent-attach/src/main/java/com/taobao/arthas/agent/attach/ArthasAgent.java",
                    "violationSpecifier": "S3032:arthas-agent-attach/src/main/java/com/taobao/arthas/agent/attach/ArthasAgent.java:103:46:103:60"
                },
                {
                    "endLine": 60,
                    "endColumn": 63,
                    "startColumn": 49,
                    "startLine": 60,
                    "filePath": "core/src/main/java/com/taobao/arthas/core/command/logger/LoggerCommand.java",
                    "violationSpecifier": "S3032:core/src/main/java/com/taobao/arthas/core/command/logger/LoggerCommand.java:60:49:60:63"
                },
                {
                    "endLine": 431,
                    "endColumn": 58,
                    "startColumn": 44,
                    "startLine": 431,
                    "filePath": "core/src/main/java/com/taobao/arthas/core/command/klass100/ClassLoaderCommand.java",
                    "violationSpecifier": "S3032:core/src/main/java/com/taobao/arthas/core/command/klass100/ClassLoaderCommand.java:431:44:431:58"
                },
                {
                    "endLine": 49,
                    "endColumn": 65,
                    "startColumn": 51,
                    "startLine": 49,
                    "filePath": "core/src/test/java/com/taobao/arthas/core/advisor/EnhancerTest.java",
                    "violationSpecifier": "S3032:core/src/test/java/com/taobao/arthas/core/advisor/EnhancerTest.java:49:51:49:65"
                },
                {
                    "endLine": 127,
                    "endColumn": 54,
                    "startColumn": 40,
                    "startLine": 127,
                    "filePath": "core/src/main/java/com/taobao/arthas/core/advisor/SpyImpl.java",
                    "violationSpecifier": "S3032:core/src/main/java/com/taobao/arthas/core/advisor/SpyImpl.java:127:40:127:54"
                },
                {
                    "endLine": 214,
                    "endColumn": 55,
                    "startColumn": 41,
                    "startLine": 214,
                    "filePath": "core/src/main/java/com/taobao/arthas/core/util/ClassUtils.java",
                    "violationSpecifier": "S3032:core/src/main/java/com/taobao/arthas/core/util/ClassUtils.java:214:41:214:55"
                },
                {
                    "endLine": 180,
                    "endColumn": 49,
                    "startColumn": 35,
                    "startLine": 180,
                    "filePath": "core/src/main/java/com/taobao/arthas/core/view/ClassInfoView.java",
                    "violationSpecifier": "S3032:core/src/main/java/com/taobao/arthas/core/view/ClassInfoView.java:180:35:180:49"
                },
                {
                    "endLine": 96,
                    "endColumn": 63,
                    "startColumn": 49,
                    "startLine": 96,
                    "filePath": "arthas-agent-attach/src/main/java/com/taobao/arthas/agent/attach/ArthasAgent.java",
                    "violationSpecifier": "S3032:arthas-agent-attach/src/main/java/com/taobao/arthas/agent/attach/ArthasAgent.java:96:49:96:63"
                },
                {
                    "endLine": 57,
                    "endColumn": 54,
                    "startColumn": 40,
                    "startLine": 57,
                    "filePath": "core/src/main/java/com/taobao/arthas/core/command/klass100/ClassDumpTransformer.java",
                    "violationSpecifier": "S3032:core/src/main/java/com/taobao/arthas/core/command/klass100/ClassDumpTransformer.java:57:40:57:54"
                },
                {
                    "endLine": 871,
                    "endColumn": 55,
                    "startColumn": 41,
                    "startLine": 871,
                    "filePath": "core/src/main/java/com/taobao/arthas/core/util/StringUtils.java",
                    "violationSpecifier": "S3032:core/src/main/java/com/taobao/arthas/core/util/StringUtils.java:871:41:871:55"
                },
                {
                    "endLine": 321,
                    "endColumn": 58,
                    "startColumn": 44,
                    "startLine": 321,
                    "filePath": "core/src/main/java/com/taobao/arthas/core/command/klass100/ClassLoaderCommand.java",
                    "violationSpecifier": "S3032:core/src/main/java/com/taobao/arthas/core/command/klass100/ClassLoaderCommand.java:321:44:321:58"
                },
                {
                    "endLine": 31,
                    "endColumn": 84,
                    "startColumn": 70,
                    "startLine": 31,
                    "filePath": "core/src/main/java/com/taobao/arthas/core/command/logger/Log4jHelper.java",
                    "violationSpecifier": "S3032:core/src/main/java/com/taobao/arthas/core/command/logger/Log4jHelper.java:31:70:31:84"
                },
                {
                    "endLine": 37,
                    "endColumn": 49,
                    "startColumn": 35,
                    "startLine": 37,
                    "filePath": "core/src/main/java/com/taobao/arthas/core/shell/term/impl/Helper.java",
                    "violationSpecifier": "S3032:core/src/main/java/com/taobao/arthas/core/shell/term/impl/Helper.java:37:35:37:49"
                },
                {
                    "endLine": 211,
                    "endColumn": 49,
                    "startColumn": 35,
                    "startLine": 211,
                    "filePath": "core/src/main/java/com/taobao/arthas/core/util/ClassUtils.java",
                    "violationSpecifier": "S3032:core/src/main/java/com/taobao/arthas/core/util/ClassUtils.java:211:35:211:49"
                },
                {
                    "endLine": 320,
                    "endColumn": 94,
                    "startColumn": 80,
                    "startLine": 320,
                    "filePath": "core/src/main/java/com/taobao/arthas/core/advisor/Enhancer.java",
                    "violationSpecifier": "S3032:core/src/main/java/com/taobao/arthas/core/advisor/Enhancer.java:320:80:320:94"
                },
                {
                    "endLine": 35,
                    "endColumn": 85,
                    "startColumn": 71,
                    "startLine": 35,
                    "filePath": "core/src/main/java/com/taobao/arthas/core/command/logger/Log4j2Helper.java",
                    "violationSpecifier": "S3032:core/src/main/java/com/taobao/arthas/core/command/logger/Log4j2Helper.java:35:71:35:85"
                },
                {
                    "endLine": 51,
                    "endColumn": 35,
                    "startColumn": 21,
                    "startLine": 51,
                    "filePath": "core/src/main/java/com/taobao/arthas/core/advisor/AdviceListenerAdapter.java",
                    "violationSpecifier": "S3032:core/src/main/java/com/taobao/arthas/core/advisor/AdviceListenerAdapter.java:51:21:51:35"
                },
                {
                    "endLine": 277,
                    "endColumn": 110,
                    "startColumn": 96,
                    "startLine": 277,
                    "filePath": "core/src/main/java/com/taobao/arthas/core/command/logger/LoggerCommand.java",
                    "violationSpecifier": "S3032:core/src/main/java/com/taobao/arthas/core/command/logger/LoggerCommand.java:277:96:277:110"
                },
                {
                    "endLine": 34,
                    "endColumn": 58,
                    "startColumn": 44,
                    "startLine": 34,
                    "filePath": "core/src/main/java/com/taobao/arthas/core/util/ClassLoaderUtils.java",
                    "violationSpecifier": "S3032:core/src/main/java/com/taobao/arthas/core/util/ClassLoaderUtils.java:34:44:34:58"
                },
                {
                    "endLine": 32,
                    "endColumn": 58,
                    "startColumn": 44,
                    "startLine": 32,
                    "filePath": "core/src/main/java/com/taobao/arthas/core/advisor/ArthasMethod.java",
                    "violationSpecifier": "S3032:core/src/main/java/com/taobao/arthas/core/advisor/ArthasMethod.java:32:44:32:58"
                },
                {
                    "endLine": 149,
                    "endColumn": 49,
                    "startColumn": 35,
                    "startLine": 149,
                    "filePath": "core/src/main/java/com/taobao/arthas/core/util/TypeRenderUtils.java",
                    "violationSpecifier": "S3032:core/src/main/java/com/taobao/arthas/core/util/TypeRenderUtils.java:149:35:149:49"
                },
                {
                    "endLine": 64,
                    "endColumn": 42,
                    "startColumn": 28,
                    "startLine": 64,
                    "filePath": "core/src/main/java/com/taobao/arthas/core/advisor/AdviceListenerAdapter.java",
                    "violationSpecifier": "S3032:core/src/main/java/com/taobao/arthas/core/advisor/AdviceListenerAdapter.java:64:28:64:42"
                },
                {
                    "endLine": 20,
                    "endColumn": 58,
                    "startColumn": 44,
                    "startLine": 20,
                    "filePath": "core/src/main/java/com/taobao/arthas/core/util/ClassLoaderUtils.java",
                    "violationSpecifier": "S3032:core/src/main/java/com/taobao/arthas/core/util/ClassLoaderUtils.java:20:44:20:58"
                },
                {
                    "endLine": 32,
                    "endColumn": 109,
                    "startColumn": 95,
                    "startLine": 32,
                    "filePath": "core/src/main/java/com/taobao/arthas/core/shell/term/impl/TermImpl.java",
                    "violationSpecifier": "S3032:core/src/main/java/com/taobao/arthas/core/shell/term/impl/TermImpl.java:32:95:32:109"
                },
                {
                    "endLine": 82,
                    "endColumn": 56,
                    "startColumn": 42,
                    "startLine": 82,
                    "filePath": "core/src/main/java/com/taobao/arthas/core/util/SearchUtils.java",
                    "violationSpecifier": "S3032:core/src/main/java/com/taobao/arthas/core/util/SearchUtils.java:82:42:82:56"
                },
                {
                    "endLine": 110,
                    "endColumn": 74,
                    "startColumn": 60,
                    "startLine": 110,
                    "filePath": "core/src/main/java/com/taobao/arthas/core/advisor/ArthasMethod.java",
                    "violationSpecifier": "S3032:core/src/main/java/com/taobao/arthas/core/advisor/ArthasMethod.java:110:60:110:74"
                },
                {
                    "endLine": 130,
                    "endColumn": 71,
                    "startColumn": 57,
                    "startLine": 130,
                    "filePath": "core/src/main/java/com/taobao/arthas/core/util/SearchUtils.java",
                    "violationSpecifier": "S3032:core/src/main/java/com/taobao/arthas/core/util/SearchUtils.java:130:57:130:71"
                },
                {
                    "endLine": 131,
                    "endColumn": 66,
                    "startColumn": 52,
                    "startLine": 131,
                    "filePath": "core/src/main/java/com/taobao/arthas/core/util/SearchUtils.java",
                    "violationSpecifier": "S3032:core/src/main/java/com/taobao/arthas/core/util/SearchUtils.java:131:52:131:66"
                },
                {
                    "endLine": 131,
                    "endColumn": 126,
                    "startColumn": 112,
                    "startLine": 131,
                    "filePath": "core/src/main/java/com/taobao/arthas/core/util/SearchUtils.java",
                    "violationSpecifier": "S3032:core/src/main/java/com/taobao/arthas/core/util/SearchUtils.java:131:112:131:126"
                },
                {
                    "endLine": 29,
                    "endColumn": 67,
                    "startColumn": 53,
                    "startLine": 29,
                    "filePath": "core/src/main/java/com/taobao/arthas/core/command/logger/Log4jHelper.java",
                    "violationSpecifier": "S3032:core/src/main/java/com/taobao/arthas/core/command/logger/Log4jHelper.java:29:53:29:67"
                },
                {
                    "endLine": 433,
                    "endColumn": 63,
                    "startColumn": 49,
                    "startLine": 433,
                    "filePath": "common/src/main/java/com/taobao/arthas/common/ReflectUtils.java",
                    "violationSpecifier": "S3032:common/src/main/java/com/taobao/arthas/common/ReflectUtils.java:433:49:433:63"
                },
                {
                    "endLine": 153,
                    "endColumn": 54,
                    "startColumn": 40,
                    "startLine": 153,
                    "filePath": "core/src/main/java/com/taobao/arthas/core/advisor/SpyImpl.java",
                    "violationSpecifier": "S3032:core/src/main/java/com/taobao/arthas/core/advisor/SpyImpl.java:153:40:153:54"
                },
                {
                    "endLine": 320,
                    "endColumn": 61,
                    "startColumn": 47,
                    "startLine": 320,
                    "filePath": "core/src/main/java/com/taobao/arthas/core/advisor/Enhancer.java",
                    "violationSpecifier": "S3032:core/src/main/java/com/taobao/arthas/core/advisor/Enhancer.java:320:47:320:61"
                },
                {
                    "endLine": 270,
                    "endColumn": 92,
                    "startColumn": 78,
                    "startLine": 270,
                    "filePath": "core/src/main/java/com/taobao/arthas/core/command/logger/LoggerCommand.java",
                    "violationSpecifier": "S3032:core/src/main/java/com/taobao/arthas/core/command/logger/LoggerCommand.java:270:78:270:92"
                },
                {
                    "endLine": 35,
                    "endColumn": 42,
                    "startColumn": 28,
                    "startLine": 35,
                    "filePath": "core/src/main/java/com/taobao/arthas/core/command/logger/Log4j2Helper.java",
                    "violationSpecifier": "S3032:core/src/main/java/com/taobao/arthas/core/command/logger/Log4j2Helper.java:35:28:35:42"
                },
                {
                    "endLine": 327,
                    "endColumn": 62,
                    "startColumn": 48,
                    "startLine": 327,
                    "filePath": "core/src/main/java/com/taobao/arthas/core/advisor/Enhancer.java",
                    "violationSpecifier": "S3032:core/src/main/java/com/taobao/arthas/core/advisor/Enhancer.java:327:48:327:62"
                },
                {
                    "endLine": 33,
                    "endColumn": 68,
                    "startColumn": 54,
                    "startLine": 33,
                    "filePath": "core/src/main/java/com/taobao/arthas/core/command/logger/Log4j2Helper.java",
                    "violationSpecifier": "S3032:core/src/main/java/com/taobao/arthas/core/command/logger/Log4j2Helper.java:33:54:33:68"
                },
                {
                    "endLine": 33,
                    "endColumn": 76,
                    "startColumn": 62,
                    "startLine": 33,
                    "filePath": "memorycompiler/src/test/java/com/taobao/arthas/compiler/DynamicCompilerTest.java",
                    "violationSpecifier": "S3032:memorycompiler/src/test/java/com/taobao/arthas/compiler/DynamicCompilerTest.java:33:62:33:76"
                },
                {
                    "endLine": 145,
                    "endColumn": 62,
                    "startColumn": 48,
                    "startLine": 145,
                    "filePath": "core/src/main/java/com/taobao/arthas/core/command/klass100/RedefineCommand.java",
                    "violationSpecifier": "S3032:core/src/main/java/com/taobao/arthas/core/command/klass100/RedefineCommand.java:145:48:145:62"
                }
            ],
            "ruleName": "GetClassLoader",
            "ruleKey": "S3032"
        },
        {
            "warningLocations": [
                {
                    "endLine": 328,
                    "endColumn": 59,
                    "startColumn": 31,
                    "startLine": 328,
                    "filePath": "common/src/main/java/com/taobao/arthas/common/concurrent/ConcurrentWeakKeyHashMap.java",
                    "violationSpecifier": "S2164:common/src/main/java/com/taobao/arthas/common/concurrent/ConcurrentWeakKeyHashMap.java:328:31:328:59"
                },
                {
                    "endLine": 744,
                    "endColumn": 59,
                    "startColumn": 29,
                    "startLine": 744,
                    "filePath": "common/src/main/java/com/taobao/arthas/common/concurrent/ConcurrentWeakKeyHashMap.java",
                    "violationSpecifier": "S2164:common/src/main/java/com/taobao/arthas/common/concurrent/ConcurrentWeakKeyHashMap.java:744:29:744:59"
                },
                {
                    "endLine": 517,
                    "endColumn": 59,
                    "startColumn": 31,
                    "startLine": 517,
                    "filePath": "common/src/main/java/com/taobao/arthas/common/concurrent/ConcurrentWeakKeyHashMap.java",
                    "violationSpecifier": "S2164:common/src/main/java/com/taobao/arthas/common/concurrent/ConcurrentWeakKeyHashMap.java:517:31:517:59"
                }
            ],
            "ruleName": "MathOnFloat",
            "ruleKey": "S2164"
        },
        {
            "warningLocations": [
                {
                    "endLine": 97,
                    "endColumn": 39,
                    "startColumn": 17,
                    "startLine": 97,
                    "filePath": "core/src/main/java/com/taobao/arthas/core/distribution/impl/ResultConsumerImpl.java",
                    "violationSpecifier": "S2142:core/src/main/java/com/taobao/arthas/core/distribution/impl/ResultConsumerImpl.java:97:17:97:39"
                },
                {
                    "endLine": 69,
                    "endColumn": 39,
                    "startColumn": 17,
                    "startLine": 69,
                    "filePath": "client/src/main/java/com/taobao/arthas/client/IOUtil.java",
                    "violationSpecifier": "S2142:client/src/main/java/com/taobao/arthas/client/IOUtil.java:69:17:69:39"
                },
                {
                    "endLine": 386,
                    "endColumn": 53,
                    "startColumn": 31,
                    "startLine": 386,
                    "filePath": "client/src/main/java/org/apache/commons/net/telnet/TelnetInputStream.java",
                    "violationSpecifier": "S2142:client/src/main/java/org/apache/commons/net/telnet/TelnetInputStream.java:386:31:386:53"
                },
                {
                    "endLine": 418,
                    "endColumn": 75,
                    "startColumn": 43,
                    "startLine": 418,
                    "filePath": "client/src/main/java/org/apache/commons/net/telnet/TelnetInputStream.java",
                    "violationSpecifier": "S2142:client/src/main/java/org/apache/commons/net/telnet/TelnetInputStream.java:418:43:418:75"
                },
                {
                    "endLine": 617,
                    "endColumn": 63,
                    "startColumn": 31,
                    "startLine": 617,
                    "filePath": "client/src/main/java/org/apache/commons/net/telnet/TelnetInputStream.java",
                    "violationSpecifier": "S2142:client/src/main/java/org/apache/commons/net/telnet/TelnetInputStream.java:617:31:617:63"
                },
                {
                    "endLine": 434,
                    "endColumn": 57,
                    "startColumn": 35,
                    "startLine": 434,
                    "filePath": "client/src/main/java/org/apache/commons/net/telnet/TelnetInputStream.java",
                    "violationSpecifier": "S2142:client/src/main/java/org/apache/commons/net/telnet/TelnetInputStream.java:434:35:434:57"
                },
                {
                    "endLine": 641,
                    "endColumn": 45,
                    "startColumn": 23,
                    "startLine": 641,
                    "filePath": "client/src/main/java/org/apache/commons/net/telnet/TelnetInputStream.java",
                    "violationSpecifier": "S2142:client/src/main/java/org/apache/commons/net/telnet/TelnetInputStream.java:641:23:641:45"
                },
                {
                    "endLine": 52,
                    "endColumn": 39,
                    "startColumn": 17,
                    "startLine": 52,
                    "filePath": "core/src/main/java/com/taobao/arthas/core/distribution/impl/SharingResultDistributorImpl.java",
                    "violationSpecifier": "S2142:core/src/main/java/com/taobao/arthas/core/distribution/impl/SharingResultDistributorImpl.java:52:17:52:39"
                },
                {
                    "endLine": 184,
                    "endColumn": 39,
                    "startColumn": 17,
                    "startLine": 184,
                    "filePath": "core/src/main/java/com/taobao/arthas/core/command/monitor200/ThreadSampler.java",
                    "violationSpecifier": "S2142:core/src/main/java/com/taobao/arthas/core/command/monitor200/ThreadSampler.java:184:17:184:39"
                },
                {
                    "endLine": 567,
                    "endColumn": 43,
                    "startColumn": 21,
                    "startLine": 567,
                    "filePath": "core/src/main/java/com/taobao/arthas/core/shell/term/impl/http/api/HttpApiHandler.java",
                    "violationSpecifier": "S2142:core/src/main/java/com/taobao/arthas/core/shell/term/impl/http/api/HttpApiHandler.java:567:21:567:43"
                }
            ],
            "ruleName": "InterruptedException",
            "ruleKey": "S2142"
        },
        {
            "warningLocations": [
                {
                    "endLine": 17,
                    "endColumn": 59,
                    "startColumn": 58,
                    "startLine": 17,
                    "filePath": "core/src/main/java/com/taobao/arthas/core/shell/ShellServerOptions.java",
                    "violationSpecifier": "S2184:core/src/main/java/com/taobao/arthas/core/shell/ShellServerOptions.java:17:58:17:59"
                },
                {
                    "endLine": 22,
                    "endColumn": 64,
                    "startColumn": 63,
                    "startLine": 22,
                    "filePath": "core/src/main/java/com/taobao/arthas/core/shell/ShellServerOptions.java",
                    "violationSpecifier": "S2184:core/src/main/java/com/taobao/arthas/core/shell/ShellServerOptions.java:22:63:22:64"
                },
                {
                    "endLine": 30,
                    "endColumn": 36,
                    "startColumn": 35,
                    "startLine": 30,
                    "filePath": "core/src/main/java/com/taobao/arthas/core/distribution/impl/ResultConsumerImpl.java",
                    "violationSpecifier": "S2184:core/src/main/java/com/taobao/arthas/core/distribution/impl/ResultConsumerImpl.java:30:35:30:36"
                }
            ],
            "ruleName": "CastArithmeticOperand",
            "ruleKey": "S2184"
        }
    ],
    "miningEndTime": "Mon Dec 13 23:21:39 UTC 2021"
}