{
    "repairs": [],
    "executionInfo": {
        "soraldVersion": "LOCAL",
        "javaVersion": "11.0.11",
        "originalArgs": [
            "repair",
            "--source",
            "aXMLRPC",
            "--rule-key",
            "4973",
            "--stats-output-file",
            "output-2021-12-13-23-13-15/aXMLRPC_4973_sorald_repair_stats.json"
        ]
    },
    "totalTimeMs": 10342,
    "startTimeMs": 1639439899910,
    "repairTimeMs": 0,
    "crashes": [],
    "endTimeMs": 1639439910252,
    "parseTimeMs": 0
}