{
    "repairs": [],
    "executionInfo": {
        "soraldVersion": "LOCAL",
        "javaVersion": "11.0.11",
        "originalArgs": [
            "repair",
            "--source",
            "BPlusTree",
            "--rule-key",
            "2184",
            "--stats-output-file",
            "output-2021-12-13-23-13-15/BPlusTree_2184_sorald_repair_stats.json"
        ]
    },
    "totalTimeMs": 10493,
    "repairTimeMs": 0,
    "startTimeMs": 1639439842725,
    "crashes": [],
    "endTimeMs": 1639439853218,
    "parseTimeMs": 0
}