{
    "repairs": [{
        "nbPerformedRepairs": 4,
        "ruleName": "UnclosedResources",
        "crashedRepairsLocations": [],
        "nbCrashedRepairs": 0,
        "ruleKey": "S2095",
        "nbViolationsBefore": 4,
        "performedRepairsLocations": [
            {
                "endLine": 129,
                "endColumn": 62,
                "startColumn": 32,
                "startLine": 129,
                "filePath": "src/main/java/ds/bplus/util/Utilities.java",
                "violationSpecifier": "S2095:src/main/java/ds/bplus/util/Utilities.java:129:32:129:62"
            },
            {
                "endLine": 130,
                "endColumn": 68,
                "startColumn": 40,
                "startLine": 130,
                "filePath": "src/main/java/ds/bplus/util/Utilities.java",
                "violationSpecifier": "S2095:src/main/java/ds/bplus/util/Utilities.java:130:40:130:68"
            },
            {
                "endLine": 147,
                "endColumn": 59,
                "startColumn": 30,
                "startLine": 147,
                "filePath": "src/main/java/ds/bplus/util/Utilities.java",
                "violationSpecifier": "S2095:src/main/java/ds/bplus/util/Utilities.java:147:30:147:59"
            },
            {
                "endLine": 148,
                "endColumn": 64,
                "startColumn": 38,
                "startLine": 148,
                "filePath": "src/main/java/ds/bplus/util/Utilities.java",
                "violationSpecifier": "S2095:src/main/java/ds/bplus/util/Utilities.java:148:38:148:64"
            }
        ],
        "nbViolationsAfter": 0
    }],
    "executionInfo": {
        "soraldVersion": "LOCAL",
        "javaVersion": "11.0.11",
        "originalArgs": [
            "repair",
            "--source",
            "BPlusTree",
            "--rule-key",
            "2095",
            "--stats-output-file",
            "output-2021-12-13-23-13-15/BPlusTree_2095_sorald_repair_stats.json"
        ]
    },
    "totalTimeMs": 32203,
    "repairTimeMs": 1313,
    "startTimeMs": 1639439726507,
    "crashes": [
        {
            "description": "Crash in sorald.processor.UnclosedResourcesProcessor::repairInternal",
            "stackTrace": "java.lang.IndexOutOfBoundsException: fromIndex = -1\n\tat java.base/java.util.AbstractList.subListRangeCheck(AbstractList.java:505)\n\tat java.base/java.util.AbstractList.subList(AbstractList.java:497)\n\tat sorald.processor.UnclosedResourcesProcessor.moveStatementsToNewBlock(UnclosedResourcesProcessor.java:113)\n\tat sorald.processor.UnclosedResourcesProcessor.encloseResourceInTryBlock(UnclosedResourcesProcessor.java:102)\n\tat sorald.processor.UnclosedResourcesProcessor.createCtTryWithResource(UnclosedResourcesProcessor.java:54)\n\tat sorald.processor.UnclosedResourcesProcessor.repairInternal(UnclosedResourcesProcessor.java:31)\n\tat sorald.processor.UnclosedResourcesProcessor.repairInternal(UnclosedResourcesProcessor.java:21)\n\tat sorald.processor.SoraldAbstractProcessor.repair(SoraldAbstractProcessor.java:87)\n\tat sorald.processor.SoraldAbstractProcessor.process(SoraldAbstractProcessor.java:164)\n\tat spoon.support.visitor.ProcessingVisitor.scan(ProcessingVisitor.java:72)\n\tat spoon.reflect.visitor.CtScanner.scan(CtScanner.java:184)\n\tat spoon.reflect.visitor.CtScanner.visitCtLocalVariable(CtScanner.java:553)\n\tat spoon.support.reflect.code.CtLocalVariableImpl.accept(CtLocalVariableImpl.java:51)\n\tat spoon.reflect.visitor.CtScanner.scan(CtScanner.java:194)\n\tat spoon.support.visitor.ProcessingVisitor.scan(ProcessingVisitor.java:68)\n\tat spoon.reflect.visitor.CtScanner.scan(CtScanner.java:184)\n\tat spoon.reflect.visitor.CtScanner.scan(CtScanner.java:149)\n\tat spoon.reflect.visitor.CtScanner.visitCtBlock(CtScanner.java:321)\n\tat spoon.support.reflect.code.CtBlockImpl.accept(CtBlockImpl.java:58)\n\tat spoon.reflect.visitor.CtScanner.scan(CtScanner.java:194)\n\tat spoon.support.visitor.ProcessingVisitor.scan(ProcessingVisitor.java:68)\n\tat spoon.reflect.visitor.CtScanner.scan(CtScanner.java:184)\n\tat spoon.reflect.visitor.CtScanner.visitCtMethod(CtScanner.java:587)\n\tat spoon.support.reflect.declaration.CtMethodImpl.accept(CtMethodImpl.java:58)\n\tat spoon.reflect.visitor.CtScanner.scan(CtScanner.java:194)\n\tat spoon.support.visitor.ProcessingVisitor.scan(ProcessingVisitor.java:68)\n\tat spoon.reflect.visitor.CtScanner.scan(CtScanner.java:184)\n\tat spoon.reflect.visitor.CtScanner.scan(CtScanner.java:149)\n\tat spoon.reflect.visitor.CtScanner.visitCtClass(CtScanner.java:357)\n\tat spoon.support.reflect.declaration.CtClassImpl.accept(CtClassImpl.java:58)\n\tat spoon.reflect.visitor.CtScanner.scan(CtScanner.java:194)\n\tat spoon.support.visitor.ProcessingVisitor.scan(ProcessingVisitor.java:68)\n\tat spoon.support.QueueProcessingManager.process(QueueProcessingManager.java:118)\n\tat sorald.Repair.repairModelWithInitializedProcessor(Repair.java:205)\n\tat sorald.Repair.defaultRepair(Repair.java:135)\n\tat sorald.Repair.repair(Repair.java:112)\n\tat sorald.Repair.repair(Repair.java:95)\n\tat sorald.cli.RepairCommand.call(RepairCommand.java:118)\n\tat sorald.cli.RepairCommand.call(RepairCommand.java:35)\n\tat picocli.CommandLine.executeUserObject(CommandLine.java:1953)\n\tat picocli.CommandLine.access$1300(CommandLine.java:145)\n\tat picocli.CommandLine$RunLast.executeUserObjectOfLastSubcommandWithSameParent(CommandLine.java:2358)\n\tat picocli.CommandLine$RunLast.handle(CommandLine.java:2352)\n\tat picocli.CommandLine$RunLast.handle(CommandLine.java:2314)\n\tat picocli.CommandLine$AbstractParseResultHandler.execute(CommandLine.java:2179)\n\tat picocli.CommandLine$RunLast.execute(CommandLine.java:2316)\n\tat picocli.CommandLine.execute(CommandLine.java:2078)\n\tat sorald.Main.main(Main.java:7)\n",
            "message": "fromIndex = -1"
        },
        {
            "description": "Crash in sorald.processor.UnclosedResourcesProcessor::repairInternal",
            "stackTrace": "java.lang.IndexOutOfBoundsException: fromIndex = -1\n\tat java.base/java.util.AbstractList.subListRangeCheck(AbstractList.java:505)\n\tat java.base/java.util.AbstractList.subList(AbstractList.java:497)\n\tat sorald.processor.UnclosedResourcesProcessor.moveStatementsToNewBlock(UnclosedResourcesProcessor.java:113)\n\tat sorald.processor.UnclosedResourcesProcessor.encloseResourceInTryBlock(UnclosedResourcesProcessor.java:102)\n\tat sorald.processor.UnclosedResourcesProcessor.createCtTryWithResource(UnclosedResourcesProcessor.java:54)\n\tat sorald.processor.UnclosedResourcesProcessor.repairInternal(UnclosedResourcesProcessor.java:31)\n\tat sorald.processor.UnclosedResourcesProcessor.repairInternal(UnclosedResourcesProcessor.java:21)\n\tat sorald.processor.SoraldAbstractProcessor.repair(SoraldAbstractProcessor.java:87)\n\tat sorald.processor.SoraldAbstractProcessor.process(SoraldAbstractProcessor.java:164)\n\tat spoon.support.visitor.ProcessingVisitor.scan(ProcessingVisitor.java:72)\n\tat spoon.reflect.visitor.CtScanner.scan(CtScanner.java:184)\n\tat spoon.reflect.visitor.CtScanner.visitCtLocalVariable(CtScanner.java:553)\n\tat spoon.support.reflect.code.CtLocalVariableImpl.accept(CtLocalVariableImpl.java:51)\n\tat spoon.reflect.visitor.CtScanner.scan(CtScanner.java:194)\n\tat spoon.support.visitor.ProcessingVisitor.scan(ProcessingVisitor.java:68)\n\tat spoon.reflect.visitor.CtScanner.scan(CtScanner.java:184)\n\tat spoon.reflect.visitor.CtScanner.scan(CtScanner.java:149)\n\tat spoon.reflect.visitor.CtScanner.visitCtBlock(CtScanner.java:321)\n\tat spoon.support.reflect.code.CtBlockImpl.accept(CtBlockImpl.java:58)\n\tat spoon.reflect.visitor.CtScanner.scan(CtScanner.java:194)\n\tat spoon.support.visitor.ProcessingVisitor.scan(ProcessingVisitor.java:68)\n\tat spoon.reflect.visitor.CtScanner.scan(CtScanner.java:184)\n\tat spoon.reflect.visitor.CtScanner.visitCtMethod(CtScanner.java:587)\n\tat spoon.support.reflect.declaration.CtMethodImpl.accept(CtMethodImpl.java:58)\n\tat spoon.reflect.visitor.CtScanner.scan(CtScanner.java:194)\n\tat spoon.support.visitor.ProcessingVisitor.scan(ProcessingVisitor.java:68)\n\tat spoon.reflect.visitor.CtScanner.scan(CtScanner.java:184)\n\tat spoon.reflect.visitor.CtScanner.scan(CtScanner.java:149)\n\tat spoon.reflect.visitor.CtScanner.visitCtClass(CtScanner.java:357)\n\tat spoon.support.reflect.declaration.CtClassImpl.accept(CtClassImpl.java:58)\n\tat spoon.reflect.visitor.CtScanner.scan(CtScanner.java:194)\n\tat spoon.support.visitor.ProcessingVisitor.scan(ProcessingVisitor.java:68)\n\tat spoon.support.QueueProcessingManager.process(QueueProcessingManager.java:118)\n\tat sorald.Repair.repairModelWithInitializedProcessor(Repair.java:205)\n\tat sorald.Repair.defaultRepair(Repair.java:135)\n\tat sorald.Repair.repair(Repair.java:112)\n\tat sorald.Repair.repair(Repair.java:95)\n\tat sorald.cli.RepairCommand.call(RepairCommand.java:118)\n\tat sorald.cli.RepairCommand.call(RepairCommand.java:35)\n\tat picocli.CommandLine.executeUserObject(CommandLine.java:1953)\n\tat picocli.CommandLine.access$1300(CommandLine.java:145)\n\tat picocli.CommandLine$RunLast.executeUserObjectOfLastSubcommandWithSameParent(CommandLine.java:2358)\n\tat picocli.CommandLine$RunLast.handle(CommandLine.java:2352)\n\tat picocli.CommandLine$RunLast.handle(CommandLine.java:2314)\n\tat picocli.CommandLine$AbstractParseResultHandler.execute(CommandLine.java:2179)\n\tat picocli.CommandLine$RunLast.execute(CommandLine.java:2316)\n\tat picocli.CommandLine.execute(CommandLine.java:2078)\n\tat sorald.Main.main(Main.java:7)\n",
            "message": "fromIndex = -1"
        }
    ],
    "endTimeMs": 1639439758710,
    "parseTimeMs": 5590
}