{
    "repairs": [],
    "executionInfo": {
        "soraldVersion": "LOCAL",
        "javaVersion": "11.0.11",
        "originalArgs": [
            "repair",
            "--source",
            "ChangeSkin",
            "--rule-key",
            "1860",
            "--stats-output-file",
            "output-2021-12-16-17-02-58/ChangeSkin_1860_sorald_repair_stats.json",
            "--resolve-classpath-from",
            "ChangeSkin"
        ]
    },
    "totalTimeMs": 29966,
    "repairTimeMs": 0,
    "startTimeMs": 1639677893565,
    "crashes": [],
    "endTimeMs": 1639677923531,
    "parseTimeMs": 0
}