{
    "repairs": [],
    "executionInfo": {
        "soraldVersion": "LOCAL",
        "javaVersion": "11.0.11",
        "originalArgs": [
            "repair",
            "--source",
            "commafeed",
            "--rule-key",
            "2225",
            "--stats-output-file",
            "output-2021-12-13-23-13-15/commafeed_2225_sorald_repair_stats.json"
        ]
    },
    "totalTimeMs": 23723,
    "startTimeMs": 1639438208538,
    "repairTimeMs": 0,
    "crashes": [],
    "endTimeMs": 1639438232261,
    "parseTimeMs": 0
}