{
    "totalMiningTime": 26474,
    "executionInfo": {
        "soraldVersion": "LOCAL",
        "javaVersion": "11.0.11",
        "originalArgs": [
            "mine",
            "--source",
            "dataenum",
            "--handled-rules",
            "--rule-types",
            "BUG",
            "--stats-output-file",
            "output-2021-12-13-23-13-15/dataenum_sorald_mine_stats.json"
        ]
    },
    "miningStartTime": "Mon Dec 13 23:32:50 UTC 2021",
    "minedRules": [],
    "miningEndTime": "Mon Dec 13 23:33:17 UTC 2021"
}