{
    "repairs": [],
    "executionInfo": {
        "soraldVersion": "LOCAL",
        "javaVersion": "11.0.11",
        "originalArgs": [
            "repair",
            "--source",
            "dataenum",
            "--rule-key",
            "2111",
            "--stats-output-file",
            "output-2021-12-13-23-13-15/dataenum_2111_sorald_repair_stats.json"
        ]
    },
    "totalTimeMs": 16877,
    "repairTimeMs": 0,
    "startTimeMs": 1639438501407,
    "crashes": [],
    "endTimeMs": 1639438518284,
    "parseTimeMs": 0
}