{
    "repairs": [],
    "executionInfo": {
        "soraldVersion": "LOCAL",
        "javaVersion": "11.0.11",
        "originalArgs": [
            "repair",
            "--source",
            "docker-java-api",
            "--rule-key",
            "2111",
            "--stats-output-file",
            "output-2021-12-13-23-13-15/docker-java-api_2111_sorald_repair_stats.json"
        ]
    },
    "totalTimeMs": 21146,
    "repairTimeMs": 0,
    "startTimeMs": 1639438107051,
    "crashes": [],
    "endTimeMs": 1639438128197,
    "parseTimeMs": 0
}