{
    "repairs": [],
    "executionInfo": {
        "soraldVersion": "LOCAL",
        "javaVersion": "11.0.11",
        "originalArgs": [
            "repair",
            "--source",
            "flip-tables",
            "--rule-key",
            "2272",
            "--stats-output-file",
            "output-2021-12-13-23-13-15/flip-tables_2272_sorald_repair_stats.json"
        ]
    },
    "totalTimeMs": 12298,
    "startTimeMs": 1639437371662,
    "repairTimeMs": 0,
    "crashes": [],
    "endTimeMs": 1639437383960,
    "parseTimeMs": 0
}