{
    "repairs": [],
    "executionInfo": {
        "soraldVersion": "LOCAL",
        "javaVersion": "11.0.11",
        "originalArgs": [
            "repair",
            "--source",
            "galimatias",
            "--rule-key",
            "2142",
            "--stats-output-file",
            "output-2021-12-13-23-13-15/galimatias_2142_sorald_repair_stats.json"
        ]
    },
    "totalTimeMs": 15121,
    "repairTimeMs": 0,
    "startTimeMs": 1639437769659,
    "crashes": [],
    "endTimeMs": 1639437784780,
    "parseTimeMs": 0
}