{
    "repairs": [],
    "executionInfo": {
        "soraldVersion": "LOCAL",
        "javaVersion": "11.0.11",
        "originalArgs": [
            "repair",
            "--source",
            "gerrit-rest-java-client",
            "--rule-key",
            "4973",
            "--stats-output-file",
            "output-2021-12-13-23-13-15/gerrit-rest-java-client_4973_sorald_repair_stats.json"
        ]
    },
    "totalTimeMs": 31226,
    "repairTimeMs": 0,
    "startTimeMs": 1639437743655,
    "crashes": [],
    "endTimeMs": 1639437774881,
    "parseTimeMs": 0
}