{
    "repairs": [],
    "executionInfo": {
        "soraldVersion": "LOCAL",
        "javaVersion": "11.0.11",
        "originalArgs": [
            "repair",
            "--source",
            "gocd-slack-build-notifier",
            "--rule-key",
            "2142",
            "--stats-output-file",
            "output-2021-12-13-23-13-15/gocd-slack-build-notifier_2142_sorald_repair_stats.json"
        ]
    },
    "totalTimeMs": 12210,
    "repairTimeMs": 0,
    "startTimeMs": 1639439176262,
    "crashes": [],
    "endTimeMs": 1639439188472,
    "parseTimeMs": 0
}