{
    "totalMiningTime": 30011,
    "executionInfo": {
        "soraldVersion": "LOCAL",
        "javaVersion": "11.0.11",
        "originalArgs": [
            "mine",
            "--source",
            "hamcrest-date",
            "--rule-types",
            "BUG",
            "--stats-output-file",
            "output-2021-12-16-19-35-39/hamcrest-date_sorald_mine_stats.json",
            "--resolve-classpath-from",
            "hamcrest-date"
        ]
    },
    "miningStartTime": "Thu Dec 16 19:38:25 UTC 2021",
    "minedRules": [
        {
            "warningLocations": [
                {
                    "endLine": 16,
                    "endColumn": 72,
                    "startColumn": 8,
                    "startLine": 16,
                    "filePath": "src/test/java/org/exparity/hamcrest/date/MonthsTest.java",
                    "violationSpecifier": "S5960:src/test/java/org/exparity/hamcrest/date/MonthsTest.java:16:8:16:72"
                },
                {
                    "endLine": 27,
                    "endColumn": 79,
                    "startColumn": 8,
                    "startLine": 27,
                    "filePath": "src/test/java/org/exparity/hamcrest/date/core/IsYearTest.java",
                    "violationSpecifier": "S5960:src/test/java/org/exparity/hamcrest/date/core/IsYearTest.java:27:8:27:79"
                },
                {
                    "endLine": 20,
                    "endColumn": 79,
                    "startColumn": 2,
                    "startLine": 20,
                    "filePath": "src/test/java/org/exparity/hamcrest/date/WeekDaysTest.java",
                    "violationSpecifier": "S5960:src/test/java/org/exparity/hamcrest/date/WeekDaysTest.java:20:2:20:79"
                },
                {
                    "endLine": 28,
                    "endColumn": 73,
                    "startColumn": 2,
                    "startLine": 28,
                    "filePath": "src/test/java/org/exparity/hamcrest/date/core/IsLeapYearTest.java",
                    "violationSpecifier": "S5960:src/test/java/org/exparity/hamcrest/date/core/IsLeapYearTest.java:28:2:28:73"
                }
            ],
            "ruleName": "AssertionsInProductionCode",
            "ruleKey": "S5960"
        },
        {
            "warningLocations": [{
                "endLine": 45,
                "endColumn": 35,
                "startColumn": 8,
                "startLine": 45,
                "filePath": "src/main/java/org/exparity/hamcrest/date/DayMonthYear.java",
                "violationSpecifier": "S2162:src/main/java/org/exparity/hamcrest/date/DayMonthYear.java:45:8:45:35"
            }],
            "ruleName": "SymmetricEquals",
            "ruleKey": "S2162"
        }
    ],
    "miningEndTime": "Thu Dec 16 19:38:55 UTC 2021"
}