{
    "repairs": [{
        "nbPerformedRepairs": 1,
        "ruleName": "InterruptedException",
        "crashedRepairsLocations": [],
        "nbCrashedRepairs": 0,
        "ruleKey": "S2142",
        "performedRepairsLocations": [{
            "endLine": 138,
            "endColumn": 56,
            "startColumn": 13,
            "startLine": 138,
            "filePath": "src/main/java/io/github/hapjava/characteristics/impl/base/BaseCharacteristic.java",
            "violationSpecifier": "S2142:src/main/java/io/github/hapjava/characteristics/impl/base/BaseCharacteristic.java:138:13:138:56"
        }],
        "nbViolationsBefore": 1,
        "nbViolationsAfter": 0
    }],
    "executionInfo": {
        "soraldVersion": "LOCAL",
        "javaVersion": "11.0.11",
        "originalArgs": [
            "repair",
            "--source",
            "HAP-Java",
            "--rule-key",
            "2142",
            "--stats-output-file",
            "output-2021-12-16-17-02-58/HAP-Java_2142_sorald_repair_stats.json",
            "--resolve-classpath-from",
            "HAP-Java"
        ]
    },
    "totalTimeMs": 67149,
    "repairTimeMs": 1853,
    "startTimeMs": 1639675102017,
    "crashes": [],
    "endTimeMs": 1639675169166,
    "parseTimeMs": 12747
}